{
    "rmse": 32.56874082688719,
    "mae": 24.244430303719778,
    "r2": 0.6332418142518261
}