{
    "RMSE": 30.211315232193865,
    "MSE": 912.723568058989,
    "r2_score": 0.4694219074211413
}