{
    "RMSE": 17.571084569210726,
    "MSE": 308.74301293835526,
    "r2_score": 0.8212123179779438
}